{"ListenStart": 1689189270.667698, "_timestamp": 1689189318.954381, "_runtime": 375.0916199684143, "_step": 3, "MessageReceiveTime": 1689189277.0954473, "Comm/recieve_delay_s3": 41.37240791320801, "UnpickleTime": 0.4789552688598633, "_wandb": {"runtime": 694}}