{"Train/Acc": 0.1675369745718734, "round": 2, "_timestamp": 1689823900.5683208, "_runtime": 66.88187980651855, "_step": 11, "Train/Loss": 2.2868556650205636, "Test/Acc": 0.1689051689051689, "Test/Loss": 2.286184470392506, "_wandb": {"runtime": 66}}