{"Train/Acc": 0.4853074727555786, "round": 2, "_timestamp": 1689828332.9306688, "_runtime": 69.74325275421143, "_step": 11, "Train/Loss": 2.060815911289627, "Test/Acc": 0.4860941527608194, "Test/Loss": 2.058346553276423, "_wandb": {"runtime": 69}}