{"ListenStart": 1689190874.267498, "_timestamp": 1689194701.0606267, "_runtime": 3834.0961627960205, "_step": 19, "MessageReceiveTime": 1689194658.0160892, "Comm/recieve_delay_s3": 42.84420371055603, "UnpickleTime": 0.19179677963256836, "Train/Time": 1830.984976053238, "round": 1, "PickleDumpsTime": 2.6226043701171875e-06, "Comm/send_delay": 9.776350259780884, "Communication/Send_Total": 9.889091491699219, "BusyTime": 1879.2777948379517, "_wandb": {"runtime": 4046}}