{"ListenStart": 1690127950.705191, "_timestamp": 1690129788.016507, "_runtime": 2120.0547997951508, "_step": 15, "MessageReceiveTime": 1690129782.840663, "BusyTime": 5.175765514373779, "PickleDumpsTime": 8.58306884765625e-06, "Comm/send_delay": 4.078230619430542, "Communiaction/Send_Total": 0.003178834915161133, "Comm/recieve_delay_s3": 4.757363319396973, "UnpickleTime": 0.40186333656311035, "_wandb": {"runtime": 2927}}