{"Train/Acc": 0.1675369745718734, "round": 2, "_timestamp": 1689824093.3454788, "_runtime": 65.1018557548523, "_step": 11, "Train/Loss": 2.2868556650205636, "Test/Acc": 0.1689051689051689, "Test/Loss": 2.286184470392506, "_wandb": {"runtime": 64}}